endpoint,azuredevops,bitbucket,bitbucket_datacenter,codeberg,codecommit,forgejo,gerrit,gitblit,gitbucket,gitea,gitlab,gogs,harness,kallithea,launchpad,notabug,onedev,pagure,phabricator,radicle,rhodecode,sourceforge,sourcehut,tuleap
Repositories,,,,,,,,,,,,,,,,,,,,,,,,
GET /repos/{owner}/{repo},n,y,y,y,y,y,n,y,y,y,y,y,y,n,n,y,y,y,n,y,n,n,y,~
PATCH /repos/{owner}/{repo},n,y,y,y,n,y,n,n,y,y,y,y,y,n,n,y,y,y,n,y,n,n,y,n
DELETE /repos/{owner}/{repo},n,y,y,y,n,y,n,n,y,y,y,y,y,n,n,y,y,y,n,n,n,n,y,n
GET /user/repos,n,y,~,y,n,y,n,n,y,y,y,y,y,n,n,y,y,y,n,y,n,n,y,n
POST /user/repos,n,y,~,y,n,y,n,n,y,y,y,y,y,n,n,y,y,y,n,y,n,n,y,n
GET /orgs/{org}/repos,n,y,y,y,n,y,n,y,y,y,y,y,y,n,n,y,y,y,n,n,n,n,n,~
POST /orgs/{org}/repos,n,y,y,y,n,y,n,n,y,y,y,y,y,n,n,y,y,y,n,n,n,n,n,n
GET /users/{username}/repos,n,n,y,y,n,y,n,y,n,y,n,y,n,n,n,y,n,n,n,n,n,n,n,n
GET /repositories,n,y,y,n,y,n,y,y,y,y,y,n,n,n,n,n,n,y,n,y,n,n,n,n
Repo Content & Metadata,,,,,,,,,,,,,,,,,,,,,,,,
GET /repos/{owner}/{repo}/tags,n,n,y,y,n,y,n,n,n,y,y,y,y,n,n,y,y,y,n,y,n,n,y,n
GET /repos/{owner}/{repo}/topics,n,n,n,y,n,y,n,n,n,y,y,y,n,n,n,y,n,y,n,n,n,n,n,n
PUT /repos/{owner}/{repo}/topics,n,n,n,y,n,y,n,n,n,y,y,y,n,n,n,y,n,y,n,n,n,n,n,n
GET /repos/{owner}/{repo}/languages,n,n,n,y,n,y,n,n,y,y,y,y,y,n,n,y,n,n,n,n,n,n,n,n
GET /repos/{owner}/{repo}/branches,n,n,y,y,y,y,n,n,n,y,n,y,n,n,n,y,n,n,n,n,n,n,n,n
GET /repos/{owner}/{repo}/commits,n,n,y,y,n,y,n,n,n,y,n,y,n,n,n,y,n,n,n,n,n,n,n,n
GET /repos/{owner}/{repo}/contents/{path},n,n,y,y,n,y,n,n,n,y,n,y,n,n,n,y,n,n,n,n,n,n,n,n
PUT /repos/{owner}/{repo}/contents/{path},n,n,y,y,n,y,n,n,n,y,n,y,n,n,n,y,n,n,n,n,n,n,n,n
DELETE /repos/{owner}/{repo}/contents/{path},n,n,y,y,n,y,n,n,n,y,n,y,n,n,n,y,n,n,n,n,n,n,n,n
GET /repos/{owner}/{repo}/license,y,y,y,y,n,y,n,n,y,y,y,y,n,n,n,y,n,n,n,n,n,n,n,n
GET /repos/{owner}/{repo}/collaborators,n,n,n,y,n,y,n,n,n,y,n,y,n,n,n,y,n,n,n,n,n,n,n,n
GET /repos/{owner}/{repo}/forks,n,n,y,y,n,y,n,n,n,y,n,y,n,n,n,y,n,n,n,n,n,n,n,n
POST /repos/{owner}/{repo}/forks,n,n,y,y,n,y,n,n,n,y,n,y,n,n,n,y,n,n,n,n,n,n,n,n
Releases,,,,,,,,,,,,,,,,,,,,,,,,
GET /repos/{owner}/{repo}/releases,n,n,n,y,n,y,n,n,y,y,y,y,n,n,n,y,n,n,n,n,n,n,n,n
POST /repos/{owner}/{repo}/releases,n,n,n,y,n,y,n,n,y,y,y,y,n,n,n,y,n,n,n,n,n,n,n,n
GET /repos/{owner}/{repo}/releases/latest,n,n,n,y,n,y,n,n,y,y,y,y,n,n,n,y,n,n,n,n,n,n,n,n
GET /repos/{owner}/{repo}/releases/tags/{tag},n,n,n,y,n,y,n,n,y,y,y,y,n,n,n,y,n,n,n,n,n,n,n,n
GET /repos/{owner}/{repo}/releases/{release_id},n,n,n,y,n,y,n,n,y,y,y,y,n,n,n,y,n,n,n,n,n,n,n,n
PATCH /repos/{owner}/{repo}/releases/{release_id},n,n,n,y,n,y,n,n,y,y,y,y,n,n,n,y,n,n,n,n,n,n,n,n
DELETE /repos/{owner}/{repo}/releases/{release_id},n,n,n,y,n,y,n,n,y,y,y,y,n,n,n,y,n,n,n,n,n,n,n,n
GET /repos/{owner}/{repo}/releases/{release_id}/assets,n,n,n,y,n,y,n,n,y,y,y,y,n,n,n,y,n,n,n,n,n,n,n,n
POST /repos/{owner}/{repo}/releases/{release_id}/assets,n,n,n,y,n,y,n,n,n,y,y,y,n,n,n,y,n,n,n,n,n,n,n,n
GET /repos/{owner}/{repo}/releases/assets/{asset_id},n,n,n,y,n,y,n,n,y,y,y,y,n,n,n,y,n,n,n,n,n,n,n,n
PATCH /repos/{owner}/{repo}/releases/assets/{asset_id},n,n,n,y,n,y,n,n,y,y,y,y,n,n,n,y,n,n,n,n,n,n,n,n
DELETE /repos/{owner}/{repo}/releases/assets/{asset_id},n,n,n,y,n,y,n,n,y,y,y,y,n,n,n,y,n,n,n,n,n,n,n,n
GET /repos/{owner}/{repo}/keys,n,n,y,y,n,y,n,n,n,y,n,y,n,n,n,y,n,n,n,n,n,n,n,n
GET /repos/{owner}/{repo}/hooks,n,n,y,y,n,y,n,n,n,y,n,y,n,n,n,y,n,n,n,n,n,n,n,n
Users,,,,,,,,,,,,,,,,,,,,,,,,
GET /user,n,y,n,y,n,y,y,n,y,y,y,y,y,n,n,y,n,y,n,n,n,n,y,n
PATCH /user,n,y,n,y,n,y,y,n,y,y,y,y,y,n,n,y,n,y,n,n,n,n,y,n
GET /users,n,n,y,y,n,y,y,y,y,y,y,y,n,n,n,y,y,y,n,n,n,n,n,~
GET /users/{username},n,y,y,y,n,y,y,y,y,y,y,y,n,n,n,y,y,y,n,n,n,n,n,~
GET /user/followers,n,n,n,y,n,y,n,n,y,y,n,y,n,n,n,y,n,n,n,n,n,n,n,n
GET /user/following,n,n,n,y,n,y,n,n,y,y,n,y,n,n,n,y,n,n,n,n,n,n,n,n
GET /user/keys,n,n,n,y,n,y,n,n,y,y,y,y,n,n,n,y,n,n,n,n,n,n,n,n
GET /user/gpg_keys,n,n,n,y,n,y,n,n,y,y,y,y,n,n,n,y,n,n,n,n,n,n,n,n
GET /user/emails,n,n,n,y,n,y,n,n,y,y,y,y,n,n,n,y,n,n,n,n,n,n,n,n
Gists,,,,,,,,,,,,,,,,,,,,,,,,
GET /gists,n,y,n,n,n,n,n,n,n,n,n,n,n,n,n,n,n,n,n,n,n,n,n,n
POST /gists,n,y,n,n,n,n,n,n,n,n,n,n,n,n,n,n,n,n,n,n,n,n,n,n
GET /gists/public,n,y,n,n,n,n,n,n,n,n,n,n,n,n,n,n,n,n,n,n,n,n,n,n
GET /gists/starred,n,~no starred-snippets list,n,n,n,n,n,n,n,n,n,n,n,n,n,n,n,n,n,n,n,n,n,n
GET /gists/{gist_id},n,y,n,n,n,n,n,n,n,n,n,n,n,n,n,n,n,n,n,n,n,n,n,n
PATCH /gists/{gist_id},n,y,n,n,n,n,n,n,n,n,n,n,n,n,n,n,n,n,n,n,n,n,n,n
DELETE /gists/{gist_id},n,y,n,n,n,n,n,n,n,n,n,n,n,n,n,n,n,n,n,n,n,n,n,n
GET /gists/{gist_id}/comments,n,y,n,n,n,n,n,n,n,n,n,n,n,n,n,n,n,n,n,n,n,n,n,n
POST /gists/{gist_id}/comments,n,y,n,n,n,n,n,n,n,n,n,n,n,n,n,n,n,n,n,n,n,n,n,n
GET /gists/{gist_id}/comments/{comment_id},n,y,n,n,n,n,n,n,n,n,n,n,n,n,n,n,n,n,n,n,n,n,n,n
PATCH /gists/{gist_id}/comments/{comment_id},n,y,n,n,n,n,n,n,n,n,n,n,n,n,n,n,n,n,n,n,n,n,n,n
DELETE /gists/{gist_id}/comments/{comment_id},n,y,n,n,n,n,n,n,n,n,n,n,n,n,n,n,n,n,n,n,n,n,n,n
GET /gists/{gist_id}/commits,n,y,n,n,n,n,n,n,n,n,n,n,n,n,n,n,n,n,n,n,n,n,n,n
GET /gists/{gist_id}/forks,n,y,n,n,n,n,n,n,n,n,n,n,n,n,n,n,n,n,n,n,n,n,n,n
POST /gists/{gist_id}/forks,n,n,n,n,n,n,n,n,n,n,n,n,n,n,n,n,n,n,n,n,n,n,n,n
GET /gists/{gist_id}/star,n,y,n,n,n,n,n,n,n,n,n,n,n,n,n,n,n,n,n,n,n,n,n,n
PUT /gists/{gist_id}/star,n,y,n,n,n,n,n,n,n,n,n,n,n,n,n,n,n,n,n,n,n,n,n,n
DELETE /gists/{gist_id}/star,n,y,n,n,n,n,n,n,n,n,n,n,n,n,n,n,n,n,n,n,n,n,n,n
GET /gists/{gist_id}/{sha},n,y,n,n,n,n,n,n,n,n,n,n,n,n,n,n,n,n,n,n,n,n,n,n
GET /users/{username}/gists,n,y,n,n,n,n,n,n,n,n,n,n,n,n,n,n,n,n,n,n,n,n,n,n
Teams,,,,,,,,,,,,,,,,,,,,,,,,
GET /orgs/{org}/teams,y,n,n,y,n,y,n,n,y,y,y,y,n,n,n,y,n,n,n,n,n,n,n,n
GET /user/teams,y,n,n,y,n,y,n,n,y,y,y,y,n,n,n,y,n,n,n,n,n,n,n,n
Security Advisories,,,,,,,,,,,,,,,,,,,,,,,,
GET /advisories,n,n,n,n,n,n,n,n,n,n,n,n,n,n,n,n,n,n,n,n,n,n,n,n
GET /repos/{owner}/{repo}/security-advisories,n,n,n,n,n,n,n,n,n,n,n,n,n,n,n,n,n,n,n,n,n,n,n,n
Issues,,,,,,,,,,,,,,,,,,,,,,,,
GET /repos/{owner}/{repo}/issues,y,y,n,y,n,y,n,n,y,y,y,y,n,n,y,y,y,y,y,n,n,n,y,n
POST /repos/{owner}/{repo}/issues,y,n,n,y,n,y,n,n,y,y,y,y,n,n,n,y,y,n,n,n,n,n,y,n
GET /repos/{owner}/{repo}/issues/{issue_number},y,y,n,y,n,y,n,n,y,y,y,y,n,n,y,y,y,y,y,n,n,n,y,n
PATCH /repos/{owner}/{repo}/issues/{issue_number},y,n,n,y,n,y,n,n,y,y,y,y,n,n,n,y,n,n,n,n,n,n,n,n
GET /repos/{owner}/{repo}/issues/{issue_number}/comments,y,y,n,y,n,y,n,n,y,y,y,y,n,n,y,y,y,y,y,n,n,n,y,n
POST /repos/{owner}/{repo}/issues/{issue_number}/comments,y,n,n,y,n,y,n,n,y,y,y,y,n,n,n,y,y,n,n,n,n,n,y,n
GET /repos/{owner}/{repo}/issues/{issue_number}/labels,n,n,n,y,n,y,n,n,y,y,y,y,n,n,n,y,n,n,n,n,n,n,n,n
POST /repos/{owner}/{repo}/issues/{issue_number}/labels,n,n,n,y,n,y,n,n,y,y,y,y,n,n,n,y,n,n,n,n,n,n,n,n
GET /repos/{owner}/{repo}/labels,n,n,n,y,n,y,n,n,y,y,y,y,n,n,n,y,n,~stub only,n,n,n,n,n,n
GET /repos/{owner}/{repo}/milestones,n,y,n,y,n,y,n,n,y,y,y,y,n,n,n,y,n,n,n,n,n,n,n,n
GET /repos/{owner}/{repo}/assignees,n,n,n,y,n,y,n,n,y,y,y,y,n,n,n,y,n,n,n,n,n,n,n,n
Pull Requests,,,,,,,,,,,,,,,,,,,,,,,,
GET /repos/{owner}/{repo}/pulls,n,y,y,y,n,y,n,n,y,y,y,y,n,n,n,n,n,n,n,n,n,n,n,n
POST /repos/{owner}/{repo}/pulls,n,y,y,y,n,y,n,n,y,y,y,y,n,n,n,n,n,n,n,n,n,n,n,n
GET /repos/{owner}/{repo}/pulls/{pull_number},n,y,y,y,n,y,n,n,y,y,y,y,n,n,n,n,n,n,n,n,n,n,n,n
PATCH /repos/{owner}/{repo}/pulls/{pull_number},n,y,y,y,n,y,n,n,y,y,y,y,n,n,n,n,n,n,n,n,n,n,n,n
PUT /repos/{owner}/{repo}/pulls/{pull_number}/merge,n,y,y,y,n,y,n,n,y,y,y,y,n,n,n,n,n,n,n,n,n,n,n,n
GET /repos/{owner}/{repo}/pulls/{pull_number}/commits,n,y,y,y,n,y,n,n,y,y,y,y,n,n,n,n,n,n,n,n,n,n,n,n
GET /repos/{owner}/{repo}/pulls/{pull_number}/files,n,~via diffstat,~via /changes,y,n,y,n,n,y,y,y,y,n,n,n,n,n,n,n,n,n,n,n,n
GET /repos/{owner}/{repo}/pulls/{pull_number}/comments,n,~inline PR comments,~inline PR comments,~aggregated via reviews,n,~aggregated via reviews,n,n,y,~aggregated via reviews,~via MR notes,~aggregated via reviews,n,n,n,n,n,n,n,n,n,n,n,n
GET /repos/{owner}/{repo}/pulls/{pull_number}/reviews,n,~via participants,~via reviewers,y,n,y,n,n,y,y,~via MR approvals,y,n,n,n,n,n,n,n,n,n,n,n,n
GET /repos/{owner}/{repo}/pulls/{pull_number}/reviews/{review_id},n,~via participants,~via reviewers,y,n,y,n,n,y,y,~via MR approvals,y,n,n,n,n,n,n,n,n,n,n,n,n
GET /repos/{owner}/{repo}/pulls/{pull_number}/reviews/{review_id}/comments,n,~inline PR comments,~inline PR comments,y,n,y,n,n,y,y,~via MR notes,y,n,n,n,n,n,n,n,n,n,n,n,n
GET /repos/{owner}/{repo}/pulls/comments,n,n,n,n,n,n,n,n,n,n,n,n,n,n,n,n,n,n,n,n,n,n,n,n
GET /repos/{owner}/{repo}/pulls/comments/{comment_id},n,n,n,n,n,n,n,n,n,n,n,n,n,n,n,n,n,n,n,n,n,n,n,n
Packages,,,,,,,,,,,,,,,,,,,,,,,,
GET /orgs/{org}/packages,n,n,n,y,n,y,n,n,n,y,y,n,n,n,n,n,n,n,n,n,n,n,n,n
GET /orgs/{org}/packages/{package_type}/{package_name},n,n,n,y,n,y,n,n,n,y,y,n,n,n,n,n,n,n,n,n,n,n,n,n
DELETE /orgs/{org}/packages/{package_type}/{package_name},n,n,n,y,n,y,n,n,n,y,y,n,n,n,n,n,n,n,n,n,n,n,n,n
POST /orgs/{org}/packages/{package_type}/{package_name}/restore,n,n,n,n,n,n,n,n,n,n,n,n,n,n,n,n,n,n,n,n,n,n,n,n
GET /orgs/{org}/packages/{package_type}/{package_name}/versions,n,n,n,y,n,y,n,n,n,y,y,n,n,n,n,n,n,n,n,n,n,n,n,n
GET /orgs/{org}/packages/{package_type}/{package_name}/versions/{package_version_id},n,n,n,y,n,y,n,n,n,y,y,n,n,n,n,n,n,n,n,n,n,n,n,n
DELETE /orgs/{org}/packages/{package_type}/{package_name}/versions/{package_version_id},n,n,n,y,n,y,n,n,n,y,y,n,n,n,n,n,n,n,n,n,n,n,n,n
POST /orgs/{org}/packages/{package_type}/{package_name}/versions/{package_version_id}/restore,n,n,n,n,n,n,n,n,n,n,n,n,n,n,n,n,n,n,n,n,n,n,n,n
GET /user/packages,n,n,n,y,n,y,n,n,n,y,n,n,n,n,n,n,n,n,n,n,n,n,n,n
GET /user/packages/{package_type}/{package_name},n,n,n,y,n,y,n,n,n,y,n,n,n,n,n,n,n,n,n,n,n,n,n,n
DELETE /user/packages/{package_type}/{package_name},n,n,n,y,n,y,n,n,n,y,n,n,n,n,n,n,n,n,n,n,n,n,n,n
POST /user/packages/{package_type}/{package_name}/restore,n,n,n,n,n,n,n,n,n,n,n,n,n,n,n,n,n,n,n,n,n,n,n,n
GET /user/packages/{package_type}/{package_name}/versions,n,n,n,y,n,y,n,n,n,y,n,n,n,n,n,n,n,n,n,n,n,n,n,n
GET /user/packages/{package_type}/{package_name}/versions/{package_version_id},n,n,n,y,n,y,n,n,n,y,n,n,n,n,n,n,n,n,n,n,n,n,n,n
DELETE /user/packages/{package_type}/{package_name}/versions/{package_version_id},n,n,n,y,n,y,n,n,n,y,n,n,n,n,n,n,n,n,n,n,n,n,n,n
POST /user/packages/{package_type}/{package_name}/versions/{package_version_id}/restore,n,n,n,n,n,n,n,n,n,n,n,n,n,n,n,n,n,n,n,n,n,n,n,n
GET /users/{username}/packages,n,n,n,y,n,y,n,n,n,y,n,n,n,n,n,n,n,n,n,n,n,n,n,n
GET /users/{username}/packages/{package_type}/{package_name},n,n,n,y,n,y,n,n,n,y,n,n,n,n,n,n,n,n,n,n,n,n,n,n
DELETE /users/{username}/packages/{package_type}/{package_name},n,n,n,y,n,y,n,n,n,y,n,n,n,n,n,n,n,n,n,n,n,n,n,n
POST /users/{username}/packages/{package_type}/{package_name}/restore,n,n,n,n,n,n,n,n,n,n,n,n,n,n,n,n,n,n,n,n,n,n,n,n
GET /users/{username}/packages/{package_type}/{package_name}/versions,n,n,n,y,n,y,n,n,n,y,n,n,n,n,n,n,n,n,n,n,n,n,n,n
GET /users/{username}/packages/{package_type}/{package_name}/versions/{package_version_id},n,n,n,y,n,y,n,n,n,y,n,n,n,n,n,n,n,n,n,n,n,n,n,n
DELETE /users/{username}/packages/{package_type}/{package_name}/versions/{package_version_id},n,n,n,y,n,y,n,n,n,y,n,n,n,n,n,n,n,n,n,n,n,n,n,n
POST /users/{username}/packages/{package_type}/{package_name}/versions/{package_version_id}/restore,n,n,n,n,n,n,n,n,n,n,n,n,n,n,n,n,n,n,n,n,n,n,n,n
Migrations,,,,,,,,,,,,,,,,,,,,,,,,
GET /orgs/{org}/migrations,~empty list,~empty list,~empty list,~empty list,~empty list,~empty list,~empty list,~empty list,~empty list,~empty list,~empty list,~empty list,~empty list,~empty list,~empty list,~empty list,~empty list,~empty list,~empty list,~empty list,~empty list,~empty list,~empty list,~empty list
POST /orgs/{org}/migrations,n,n,n,n,n,n,n,n,n,n,n,n,n,n,n,n,n,n,n,n,n,n,n,n
GET /orgs/{org}/migrations/{migration_id},n,n,n,n,n,n,n,n,n,n,n,n,n,n,n,n,n,n,n,n,n,n,n,n
GET /orgs/{org}/migrations/{migration_id}/archive,n,n,n,n,n,n,n,n,n,n,n,n,n,n,n,n,n,n,n,n,n,n,n,n
DELETE /orgs/{org}/migrations/{migration_id}/archive,n,n,n,n,n,n,n,n,n,n,n,n,n,n,n,n,n,n,n,n,n,n,n,n
DELETE /orgs/{org}/migrations/{migration_id}/repos/{repo_name}/lock,n,n,n,n,n,n,n,n,n,n,n,n,n,n,n,n,n,n,n,n,n,n,n,n
GET /orgs/{org}/migrations/{migration_id}/repositories,~empty list,~empty list,~empty list,~empty list,~empty list,~empty list,~empty list,~empty list,~empty list,~empty list,~empty list,~empty list,~empty list,~empty list,~empty list,~empty list,~empty list,~empty list,~empty list,~empty list,~empty list,~empty list,~empty list,~empty list
GET /user/migrations,~empty list,~empty list,~empty list,~empty list,~empty list,~empty list,~empty list,~empty list,~empty list,~empty list,~empty list,~empty list,~empty list,~empty list,~empty list,~empty list,~empty list,~empty list,~empty list,~empty list,~empty list,~empty list,~empty list,~empty list
POST /user/migrations,n,n,n,n,n,n,n,n,n,n,n,n,n,n,n,n,n,n,n,n,n,n,n,n
GET /user/migrations/{migration_id},n,n,n,n,n,n,n,n,n,n,n,n,n,n,n,n,n,n,n,n,n,n,n,n
GET /user/migrations/{migration_id}/archive,n,n,n,n,n,n,n,n,n,n,n,n,n,n,n,n,n,n,n,n,n,n,n,n
DELETE /user/migrations/{migration_id}/archive,n,n,n,n,n,n,n,n,n,n,n,n,n,n,n,n,n,n,n,n,n,n,n,n
DELETE /user/migrations/{migration_id}/repos/{repo_name}/lock,n,n,n,n,n,n,n,n,n,n,n,n,n,n,n,n,n,n,n,n,n,n,n,n
GET /user/migrations/{migration_id}/repositories,~empty list,~empty list,~empty list,~empty list,~empty list,~empty list,~empty list,~empty list,~empty list,~empty list,~empty list,~empty list,~empty list,~empty list,~empty list,~empty list,~empty list,~empty list,~empty list,~empty list,~empty list,~empty list,~empty list,~empty list
GET /repos/{owner}/{repo}/import,~stub; returns 410 Gone,~stub; returns 410 Gone,~stub; returns 410 Gone,~stub; returns 410 Gone,~stub; returns 410 Gone,~stub; returns 410 Gone,~stub; returns 410 Gone,~stub; returns 410 Gone,~stub; returns 410 Gone,~stub; returns 410 Gone,~stub; returns 410 Gone,~stub; returns 410 Gone,~stub; returns 410 Gone,~stub; returns 410 Gone,~stub; returns 410 Gone,~stub; returns 410 Gone,~stub; returns 410 Gone,~stub; returns 410 Gone,~stub; returns 410 Gone,~stub; returns 410 Gone,~stub; returns 410 Gone,~stub; returns 410 Gone,~stub; returns 410 Gone,~stub; returns 410 Gone
PUT /repos/{owner}/{repo}/import,~stub; returns 410 Gone,~stub; returns 410 Gone,~stub; returns 410 Gone,~stub; returns 410 Gone,~stub; returns 410 Gone,~stub; returns 410 Gone,~stub; returns 410 Gone,~stub; returns 410 Gone,~stub; returns 410 Gone,~stub; returns 410 Gone,~stub; returns 410 Gone,~stub; returns 410 Gone,~stub; returns 410 Gone,~stub; returns 410 Gone,~stub; returns 410 Gone,~stub; returns 410 Gone,~stub; returns 410 Gone,~stub; returns 410 Gone,~stub; returns 410 Gone,~stub; returns 410 Gone,~stub; returns 410 Gone,~stub; returns 410 Gone,~stub; returns 410 Gone,~stub; returns 410 Gone
PATCH /repos/{owner}/{repo}/import,~stub; returns 410 Gone,~stub; returns 410 Gone,~stub; returns 410 Gone,~stub; returns 410 Gone,~stub; returns 410 Gone,~stub; returns 410 Gone,~stub; returns 410 Gone,~stub; returns 410 Gone,~stub; returns 410 Gone,~stub; returns 410 Gone,~stub; returns 410 Gone,~stub; returns 410 Gone,~stub; returns 410 Gone,~stub; returns 410 Gone,~stub; returns 410 Gone,~stub; returns 410 Gone,~stub; returns 410 Gone,~stub; returns 410 Gone,~stub; returns 410 Gone,~stub; returns 410 Gone,~stub; returns 410 Gone,~stub; returns 410 Gone,~stub; returns 410 Gone,~stub; returns 410 Gone
DELETE /repos/{owner}/{repo}/import,~stub; returns 410 Gone,~stub; returns 410 Gone,~stub; returns 410 Gone,~stub; returns 410 Gone,~stub; returns 410 Gone,~stub; returns 410 Gone,~stub; returns 410 Gone,~stub; returns 410 Gone,~stub; returns 410 Gone,~stub; returns 410 Gone,~stub; returns 410 Gone,~stub; returns 410 Gone,~stub; returns 410 Gone,~stub; returns 410 Gone,~stub; returns 410 Gone,~stub; returns 410 Gone,~stub; returns 410 Gone,~stub; returns 410 Gone,~stub; returns 410 Gone,~stub; returns 410 Gone,~stub; returns 410 Gone,~stub; returns 410 Gone,~stub; returns 410 Gone,~stub; returns 410 Gone
GET /repos/{owner}/{repo}/import/authors,~stub; returns 410 Gone,~stub; returns 410 Gone,~stub; returns 410 Gone,~stub; returns 410 Gone,~stub; returns 410 Gone,~stub; returns 410 Gone,~stub; returns 410 Gone,~stub; returns 410 Gone,~stub; returns 410 Gone,~stub; returns 410 Gone,~stub; returns 410 Gone,~stub; returns 410 Gone,~stub; returns 410 Gone,~stub; returns 410 Gone,~stub; returns 410 Gone,~stub; returns 410 Gone,~stub; returns 410 Gone,~stub; returns 410 Gone,~stub; returns 410 Gone,~stub; returns 410 Gone,~stub; returns 410 Gone,~stub; returns 410 Gone,~stub; returns 410 Gone,~stub; returns 410 Gone
PATCH /repos/{owner}/{repo}/import/authors/{author_id},~stub; returns 410 Gone,~stub; returns 410 Gone,~stub; returns 410 Gone,~stub; returns 410 Gone,~stub; returns 410 Gone,~stub; returns 410 Gone,~stub; returns 410 Gone,~stub; returns 410 Gone,~stub; returns 410 Gone,~stub; returns 410 Gone,~stub; returns 410 Gone,~stub; returns 410 Gone,~stub; returns 410 Gone,~stub; returns 410 Gone,~stub; returns 410 Gone,~stub; returns 410 Gone,~stub; returns 410 Gone,~stub; returns 410 Gone,~stub; returns 410 Gone,~stub; returns 410 Gone,~stub; returns 410 Gone,~stub; returns 410 Gone,~stub; returns 410 Gone,~stub; returns 410 Gone
GET /repos/{owner}/{repo}/import/large_files,~stub; returns 410 Gone,~stub; returns 410 Gone,~stub; returns 410 Gone,~stub; returns 410 Gone,~stub; returns 410 Gone,~stub; returns 410 Gone,~stub; returns 410 Gone,~stub; returns 410 Gone,~stub; returns 410 Gone,~stub; returns 410 Gone,~stub; returns 410 Gone,~stub; returns 410 Gone,~stub; returns 410 Gone,~stub; returns 410 Gone,~stub; returns 410 Gone,~stub; returns 410 Gone,~stub; returns 410 Gone,~stub; returns 410 Gone,~stub; returns 410 Gone,~stub; returns 410 Gone,~stub; returns 410 Gone,~stub; returns 410 Gone,~stub; returns 410 Gone,~stub; returns 410 Gone
PATCH /repos/{owner}/{repo}/import/lfs,~stub; returns 410 Gone,~stub; returns 410 Gone,~stub; returns 410 Gone,~stub; returns 410 Gone,~stub; returns 410 Gone,~stub; returns 410 Gone,~stub; returns 410 Gone,~stub; returns 410 Gone,~stub; returns 410 Gone,~stub; returns 410 Gone,~stub; returns 410 Gone,~stub; returns 410 Gone,~stub; returns 410 Gone,~stub; returns 410 Gone,~stub; returns 410 Gone,~stub; returns 410 Gone,~stub; returns 410 Gone,~stub; returns 410 Gone,~stub; returns 410 Gone,~stub; returns 410 Gone,~stub; returns 410 Gone,~stub; returns 410 Gone,~stub; returns 410 Gone,~stub; returns 410 Gone
Pages,,,,,,,,,,,,,,,,,,,,,,,,
GET /repos/{owner}/{repo}/pages,n,n,n,~inferred from gh-pages branch,n,~inferred from gh-pages branch,n,n,n,~inferred from gh-pages branch,n,~inferred from gh-pages branch,n,n,n,~inferred from gh-pages branch,n,n,n,n,n,n,n,n
POST /repos/{owner}/{repo}/pages,n,n,n,n,n,n,n,n,n,n,n,n,n,n,n,n,n,n,n,n,n,n,n,n
PUT /repos/{owner}/{repo}/pages,n,n,n,n,n,n,n,n,n,n,n,n,n,n,n,n,n,n,n,n,n,n,n,n
DELETE /repos/{owner}/{repo}/pages,n,n,n,n,n,n,n,n,n,n,n,n,n,n,n,n,n,n,n,n,n,n,n,n
GET /repos/{owner}/{repo}/pages/builds,~empty list,~empty list,~empty list,~empty list,~empty list,~empty list,~empty list,~empty list,~empty list,~empty list,~empty list,~empty list,~empty list,~empty list,~empty list,~empty list,~empty list,~empty list,~empty list,~empty list,~empty list,~empty list,~empty list,~empty list
POST /repos/{owner}/{repo}/pages/builds,n,n,n,n,n,n,n,n,n,n,n,n,n,n,n,n,n,n,n,n,n,n,n,n
GET /repos/{owner}/{repo}/pages/builds/latest,n,n,n,n,n,n,n,n,n,n,n,n,n,n,n,n,n,n,n,n,n,n,n,n
GET /repos/{owner}/{repo}/pages/builds/{build_id},n,n,n,n,n,n,n,n,n,n,n,n,n,n,n,n,n,n,n,n,n,n,n,n
POST /repos/{owner}/{repo}/pages/deployments,n,n,n,n,n,n,n,n,n,n,n,n,n,n,n,n,n,n,n,n,n,n,n,n
GET /repos/{owner}/{repo}/pages/deployments/{pages_deployment_id},n,n,n,n,n,n,n,n,n,n,n,n,n,n,n,n,n,n,n,n,n,n,n,n
POST /repos/{owner}/{repo}/pages/deployments/{pages_deployment_id}/cancel,n,n,n,n,n,n,n,n,n,n,n,n,n,n,n,n,n,n,n,n,n,n,n,n
GET /repos/{owner}/{repo}/pages/health,n,n,n,n,n,n,n,n,n,n,n,n,n,n,n,n,n,n,n,n,n,n,n,n
Search,,,,,,,,,,,,,,,,,,,,,,,,
GET /search/repositories,n,y,y,y,~via list filtering,y,n,y,y,y,y,y,n,n,n,y,n,n,n,n,n,n,n,~via projects API
GET /search/users,n,y,y,y,n,y,n,y,y,y,y,y,n,n,n,y,n,n,n,n,n,n,n,~
GET /search/issues,n,n,n,n,n,n,n,n,n,n,n,n,n,n,n,n,n,n,n,n,n,n,n,n
GET /search/commits,n,n,n,n,n,n,n,n,n,n,n,n,n,n,n,n,n,n,n,n,n,n,n,n
GET /search/code,n,n,n,n,n,n,n,n,n,n,n,n,n,n,n,n,n,n,n,n,n,n,n,n
GET /search/labels,n,n,n,n,n,n,n,n,n,n,n,n,n,n,n,n,n,n,n,n,n,n,n,n
GET /search/topics,n,n,n,n,n,n,n,n,n,n,n,n,n,n,n,n,n,n,n,n,n,n,n,n
Gitignore,,,,,,,,,,,,,,,,,,,,,,,,
GET /gitignore/templates,n,n,n,y,n,y,n,n,n,y,y,y,n,n,n,n,n,n,n,n,n,n,n,n
GET /gitignore/templates/{name},n,n,n,y,n,y,n,n,n,y,y,y,n,n,n,n,n,n,n,n,n,n,n,n
Licenses,,,,,,,,,,,,,,,,,,,,,,,,
GET /licenses,n,n,n,y,n,y,n,n,y,y,y,y,n,n,n,y,n,n,n,n,n,n,n,n
GET /licenses/{license},n,n,n,y,n,y,n,n,y,y,y,y,n,n,n,y,n,n,n,n,n,n,n,n
Meta,,,,,,,,,,,,,,,,,,,,,,,,
GET /meta,y,y,y,y,y,y,y,y,y,y,y,y,y,y,y,y,y,y,y,y,y,y,y,y
GET /octocat,y,y,y,y,y,y,y,y,y,y,y,y,y,y,y,y,y,y,y,y,y,y,y,y
GET /versions,y,y,y,y,y,y,y,y,y,y,y,y,y,y,y,y,y,y,y,y,y,y,y,y
GET /teapot,y,y,y,y,y,y,y,y,y,y,y,y,y,y,y,y,y,y,y,y,y,y,y,y
GET /zen,y,y,y,y,y,y,y,y,y,y,y,y,y,y,y,y,y,y,y,y,y,y,y,y
Rate Limits,,,,,,,,,,,,,,,,,,,,,,,,
GET /rate_limit,~unlimited stub,~unlimited stub,~unlimited stub,y,~unlimited stub,y,~unlimited stub,~unlimited stub,y,y,~unlimited stub,y,~unlimited stub,~unlimited stub,~unlimited stub,y,~unlimited stub,~unlimited stub,~unlimited stub,~unlimited stub,~unlimited stub,~unlimited stub,~unlimited stub,~unlimited stub
Interaction Limits,,,,,,,,,,,,,,,,,,,,,,,,
GET /orgs/{org}/interaction-limits,~stub; always returns no restrictions,~stub; always returns no restrictions,~stub; always returns no restrictions,~stub; always returns no restrictions,~stub; always returns no restrictions,~stub; always returns no restrictions,~stub; always returns no restrictions,~stub; always returns no restrictions,~stub; always returns no restrictions,~stub; always returns no restrictions,~stub; always returns no restrictions,~stub; always returns no restrictions,~stub; always returns no restrictions,~stub; always returns no restrictions,~stub; always returns no restrictions,~stub; always returns no restrictions,~stub; always returns no restrictions,~stub; always returns no restrictions,~stub; always returns no restrictions,~stub; always returns no restrictions,~stub; always returns no restrictions,~stub; always returns no restrictions,~stub; always returns no restrictions,~stub; always returns no restrictions
PUT /orgs/{org}/interaction-limits,~stub; echoes input but not enforced,~stub; echoes input but not enforced,~stub; echoes input but not enforced,~stub; echoes input but not enforced,~stub; echoes input but not enforced,~stub; echoes input but not enforced,~stub; echoes input but not enforced,~stub; echoes input but not enforced,~stub; echoes input but not enforced,~stub; echoes input but not enforced,~stub; echoes input but not enforced,~stub; echoes input but not enforced,~stub; echoes input but not enforced,~stub; echoes input but not enforced,~stub; echoes input but not enforced,~stub; echoes input but not enforced,~stub; echoes input but not enforced,~stub; echoes input but not enforced,~stub; echoes input but not enforced,~stub; echoes input but not enforced,~stub; echoes input but not enforced,~stub; echoes input but not enforced,~stub; echoes input but not enforced,~stub; echoes input but not enforced
DELETE /orgs/{org}/interaction-limits,~stub; always returns 204,~stub; always returns 204,~stub; always returns 204,~stub; always returns 204,~stub; always returns 204,~stub; always returns 204,~stub; always returns 204,~stub; always returns 204,~stub; always returns 204,~stub; always returns 204,~stub; always returns 204,~stub; always returns 204,~stub; always returns 204,~stub; always returns 204,~stub; always returns 204,~stub; always returns 204,~stub; always returns 204,~stub; always returns 204,~stub; always returns 204,~stub; always returns 204,~stub; always returns 204,~stub; always returns 204,~stub; always returns 204,~stub; always returns 204
GET /repos/{owner}/{repo}/interaction-limits,~stub; always returns no restrictions,~stub; always returns no restrictions,~stub; always returns no restrictions,~stub; always returns no restrictions,~stub; always returns no restrictions,~stub; always returns no restrictions,~stub; always returns no restrictions,~stub; always returns no restrictions,~stub; always returns no restrictions,~stub; always returns no restrictions,~stub; always returns no restrictions,~stub; always returns no restrictions,~stub; always returns no restrictions,~stub; always returns no restrictions,~stub; always returns no restrictions,~stub; always returns no restrictions,~stub; always returns no restrictions,~stub; always returns no restrictions,~stub; always returns no restrictions,~stub; always returns no restrictions,~stub; always returns no restrictions,~stub; always returns no restrictions,~stub; always returns no restrictions,~stub; always returns no restrictions
PUT /repos/{owner}/{repo}/interaction-limits,~stub; echoes input but not enforced,~stub; echoes input but not enforced,~stub; echoes input but not enforced,~stub; echoes input but not enforced,~stub; echoes input but not enforced,~stub; echoes input but not enforced,~stub; echoes input but not enforced,~stub; echoes input but not enforced,~stub; echoes input but not enforced,~stub; echoes input but not enforced,~stub; echoes input but not enforced,~stub; echoes input but not enforced,~stub; echoes input but not enforced,~stub; echoes input but not enforced,~stub; echoes input but not enforced,~stub; echoes input but not enforced,~stub; echoes input but not enforced,~stub; echoes input but not enforced,~stub; echoes input but not enforced,~stub; echoes input but not enforced,~stub; echoes input but not enforced,~stub; echoes input but not enforced,~stub; echoes input but not enforced,~stub; echoes input but not enforced
DELETE /repos/{owner}/{repo}/interaction-limits,~stub; always returns 204,~stub; always returns 204,~stub; always returns 204,~stub; always returns 204,~stub; always returns 204,~stub; always returns 204,~stub; always returns 204,~stub; always returns 204,~stub; always returns 204,~stub; always returns 204,~stub; always returns 204,~stub; always returns 204,~stub; always returns 204,~stub; always returns 204,~stub; always returns 204,~stub; always returns 204,~stub; always returns 204,~stub; always returns 204,~stub; always returns 204,~stub; always returns 204,~stub; always returns 204,~stub; always returns 204,~stub; always returns 204,~stub; always returns 204
GET /user/interaction-limits,~stub; always returns no restrictions,~stub; always returns no restrictions,~stub; always returns no restrictions,~stub; always returns no restrictions,~stub; always returns no restrictions,~stub; always returns no restrictions,~stub; always returns no restrictions,~stub; always returns no restrictions,~stub; always returns no restrictions,~stub; always returns no restrictions,~stub; always returns no restrictions,~stub; always returns no restrictions,~stub; always returns no restrictions,~stub; always returns no restrictions,~stub; always returns no restrictions,~stub; always returns no restrictions,~stub; always returns no restrictions,~stub; always returns no restrictions,~stub; always returns no restrictions,~stub; always returns no restrictions,~stub; always returns no restrictions,~stub; always returns no restrictions,~stub; always returns no restrictions,~stub; always returns no restrictions
PUT /user/interaction-limits,~stub; echoes input but not enforced,~stub; echoes input but not enforced,~stub; echoes input but not enforced,~stub; echoes input but not enforced,~stub; echoes input but not enforced,~stub; echoes input but not enforced,~stub; echoes input but not enforced,~stub; echoes input but not enforced,~stub; echoes input but not enforced,~stub; echoes input but not enforced,~stub; echoes input but not enforced,~stub; echoes input but not enforced,~stub; echoes input but not enforced,~stub; echoes input but not enforced,~stub; echoes input but not enforced,~stub; echoes input but not enforced,~stub; echoes input but not enforced,~stub; echoes input but not enforced,~stub; echoes input but not enforced,~stub; echoes input but not enforced,~stub; echoes input but not enforced,~stub; echoes input but not enforced,~stub; echoes input but not enforced,~stub; echoes input but not enforced
DELETE /user/interaction-limits,~stub; always returns 204,~stub; always returns 204,~stub; always returns 204,~stub; always returns 204,~stub; always returns 204,~stub; always returns 204,~stub; always returns 204,~stub; always returns 204,~stub; always returns 204,~stub; always returns 204,~stub; always returns 204,~stub; always returns 204,~stub; always returns 204,~stub; always returns 204,~stub; always returns 204,~stub; always returns 204,~stub; always returns 204,~stub; always returns 204,~stub; always returns 204,~stub; always returns 204,~stub; always returns 204,~stub; always returns 204,~stub; always returns 204,~stub; always returns 204
Checks,,,,,,,,,,,,,,,,,,,,,,,,
POST /repos/{owner}/{repo}/check-runs,y,y,y,y,~stub only,y,~stub only,~stub only,y,y,y,y,~stub only,~stub only,~stub only,y,~stub only,~via flags,~stub only,~stub only,~stub only,~stub only,~stub only,~stub only
GET /repos/{owner}/{repo}/check-runs/{check_run_id},~stub only,~stub only,~stub only,~stub only,~stub only,~stub only,~stub only,~stub only,~stub only,~stub only,~stub only,~stub only,~stub only,~stub only,~stub only,~stub only,~stub only,~stub only,~stub only,~stub only,~stub only,~stub only,~stub only,~stub only
PATCH /repos/{owner}/{repo}/check-runs/{check_run_id},~stub only,~stub only,~stub only,~stub only,~stub only,~stub only,~stub only,~stub only,~stub only,~stub only,~stub only,~stub only,~stub only,~stub only,~stub only,~stub only,~stub only,~stub only,~stub only,~stub only,~stub only,~stub only,~stub only,~stub only
GET /repos/{owner}/{repo}/check-runs/{check_run_id}/annotations,~always empty,~always empty,~always empty,~always empty,~always empty,~always empty,~always empty,~always empty,~always empty,~always empty,~always empty,~always empty,~always empty,~always empty,~always empty,~always empty,~always empty,~always empty,~always empty,~always empty,~always empty,~always empty,~always empty,~always empty
POST /repos/{owner}/{repo}/check-runs/{check_run_id}/rerequest,~stub only,~stub only,~stub only,~stub only,~stub only,~stub only,~stub only,~stub only,~stub only,~stub only,~stub only,~stub only,~stub only,~stub only,~stub only,~stub only,~stub only,~stub only,~stub only,~stub only,~stub only,~stub only,~stub only,~stub only
POST /repos/{owner}/{repo}/check-suites,~stub only,~stub only,~stub only,~stub only,~stub only,~stub only,~stub only,~stub only,~stub only,~stub only,~stub only,~stub only,~stub only,~stub only,~stub only,~stub only,~stub only,~stub only,~stub only,~stub only,~stub only,~stub only,~stub only,~stub only
PATCH /repos/{owner}/{repo}/check-suites/preferences,~stub only,~stub only,~stub only,~stub only,~stub only,~stub only,~stub only,~stub only,~stub only,~stub only,~stub only,~stub only,~stub only,~stub only,~stub only,~stub only,~stub only,~stub only,~stub only,~stub only,~stub only,~stub only,~stub only,~stub only
GET /repos/{owner}/{repo}/check-suites/{check_suite_id},~stub only,~stub only,~stub only,~stub only,~stub only,~stub only,~stub only,~stub only,~stub only,~stub only,~stub only,~stub only,~stub only,~stub only,~stub only,~stub only,~stub only,~stub only,~stub only,~stub only,~stub only,~stub only,~stub only,~stub only
GET /repos/{owner}/{repo}/check-suites/{check_suite_id}/check-runs,~stub only,~stub only,~stub only,~stub only,~stub only,~stub only,~stub only,~stub only,~stub only,~stub only,~stub only,~stub only,~stub only,~stub only,~stub only,~stub only,~stub only,~stub only,~stub only,~stub only,~stub only,~stub only,~stub only,~stub only
POST /repos/{owner}/{repo}/check-suites/{check_suite_id}/rerequest,~stub only,~stub only,~stub only,~stub only,~stub only,~stub only,~stub only,~stub only,~stub only,~stub only,~stub only,~stub only,~stub only,~stub only,~stub only,~stub only,~stub only,~stub only,~stub only,~stub only,~stub only,~stub only,~stub only,~stub only
GET /repos/{owner}/{repo}/commits/{ref}/check-runs,y,y,y,y,~stub only,y,~stub only,~stub only,y,y,y,y,y,~stub only,~stub only,y,y,y,y,~stub only,~stub only,~stub only,y,~stub only
GET /repos/{owner}/{repo}/commits/{ref}/check-suites,~stub only,~stub only,~stub only,~stub only,~stub only,~stub only,~stub only,~stub only,~stub only,~stub only,~stub only,~stub only,~stub only,~stub only,~stub only,~stub only,~stub only,~stub only,~stub only,~stub only,~stub only,~stub only,~stub only,~stub only
Code Scanning,,,,,,,,,,,,,,,,,,,,,,,,
GET /orgs/{org}/code-scanning/alerts,~empty list,n,~empty list,~empty list,~empty list,~empty list,~empty list,~empty list,n,~empty list,n,~empty list,~empty list,~empty list,~empty list,~empty list,~empty list,~empty list,~empty list,~empty list,~empty list,n,n,~empty list
GET /repos/{owner}/{repo}/code-scanning/alerts,y,n,~via Code Insights annotations,~empty list,~empty list,~empty list,~empty list,~empty list,n,~empty list,n,~empty list,~empty list,~empty list,~empty list,~empty list,~empty list,~empty list,~empty list,~empty list,~empty list,n,n,~empty list
GET /repos/{owner}/{repo}/code-scanning/alerts/{alert_number},y,n,n,n,n,n,n,n,n,n,n,n,n,n,n,n,n,n,n,n,n,n,n,n
PATCH /repos/{owner}/{repo}/code-scanning/alerts/{alert_number},y,n,n,n,n,n,n,n,n,n,n,n,n,n,n,n,n,n,n,n,n,n,n,n
GET /repos/{owner}/{repo}/code-scanning/alerts/{alert_number}/autofix,n,n,n,n,n,n,n,n,n,n,n,n,n,n,n,n,n,n,n,n,n,n,n,n
POST /repos/{owner}/{repo}/code-scanning/alerts/{alert_number}/autofix,n,n,n,n,n,n,n,n,n,n,n,n,n,n,n,n,n,n,n,n,n,n,n,n
POST /repos/{owner}/{repo}/code-scanning/alerts/{alert_number}/autofix/commits,n,n,n,n,n,n,n,n,n,n,n,n,n,n,n,n,n,n,n,n,n,n,n,n
GET /repos/{owner}/{repo}/code-scanning/alerts/{alert_number}/instances,~empty list,n,~empty list,~empty list,~empty list,~empty list,~empty list,~empty list,n,~empty list,n,~empty list,~empty list,~empty list,~empty list,~empty list,~empty list,~empty list,~empty list,~empty list,~empty list,n,n,~empty list
GET /repos/{owner}/{repo}/code-scanning/analyses,y,n,~via Code Insights reports,~empty list,~empty list,~empty list,~empty list,~empty list,n,~empty list,n,~empty list,~empty list,~empty list,~empty list,~empty list,~empty list,~empty list,~empty list,~empty list,~empty list,n,n,~empty list
GET /repos/{owner}/{repo}/code-scanning/analyses/{analysis_id},n,n,n,n,n,n,n,n,n,n,n,n,n,n,n,n,n,n,n,n,n,n,n,n
DELETE /repos/{owner}/{repo}/code-scanning/analyses/{analysis_id},n,n,n,n,n,n,n,n,n,n,n,n,n,n,n,n,n,n,n,n,n,n,n,n
GET /repos/{owner}/{repo}/code-scanning/codeql/databases,n,n,n,n,n,n,n,n,n,n,n,n,n,n,n,n,n,n,n,n,n,n,n,n
GET /repos/{owner}/{repo}/code-scanning/codeql/databases/{language},n,n,n,n,n,n,n,n,n,n,n,n,n,n,n,n,n,n,n,n,n,n,n,n
DELETE /repos/{owner}/{repo}/code-scanning/codeql/databases/{language},n,n,n,n,n,n,n,n,n,n,n,n,n,n,n,n,n,n,n,n,n,n,n,n
POST /repos/{owner}/{repo}/code-scanning/codeql/variant-analyses,n,n,n,n,n,n,n,n,n,n,n,n,n,n,n,n,n,n,n,n,n,n,n,n
GET /repos/{owner}/{repo}/code-scanning/codeql/variant-analyses/{codeql_variant_analysis_id},n,n,n,n,n,n,n,n,n,n,n,n,n,n,n,n,n,n,n,n,n,n,n,n
GET /repos/{owner}/{repo}/code-scanning/codeql/variant-analyses/{codeql_variant_analysis_id}/repos/{repo_owner}/{repo_name},n,n,n,n,n,n,n,n,n,n,n,n,n,n,n,n,n,n,n,n,n,n,n,n
GET /repos/{owner}/{repo}/code-scanning/default-setup,n,n,n,n,n,n,n,n,n,n,n,n,n,n,n,n,n,n,n,n,n,n,n,n
PATCH /repos/{owner}/{repo}/code-scanning/default-setup,n,n,n,n,n,n,n,n,n,n,n,n,n,n,n,n,n,n,n,n,n,n,n,n
POST /repos/{owner}/{repo}/code-scanning/sarifs,y,n,n,n,n,n,n,n,n,n,n,n,n,n,n,n,n,n,n,n,n,n,n,n
GET /repos/{owner}/{repo}/code-scanning/sarifs/{sarif_id},n,n,n,n,n,n,n,n,n,n,n,n,n,n,n,n,n,n,n,n,n,n,n,n
Secret Scanning,,,,,,,,,,,,,,,,,,,,,,,,
GET /orgs/{org}/secret-scanning/alerts,~empty list,~empty list,~empty list,~empty list,~empty list,~empty list,~empty list,~empty list,~empty list,~empty list,y,~empty list,~empty list,~empty list,~empty list,~empty list,~empty list,~empty list,~empty list,~empty list,~empty list,~empty list,~empty list,~empty list
GET /orgs/{org}/secret-scanning/pattern-configurations,n,n,n,n,n,n,n,n,n,n,n,n,n,n,n,n,n,n,n,n,n,n,n,n
PATCH /orgs/{org}/secret-scanning/pattern-configurations,n,n,n,n,n,n,n,n,n,n,n,n,n,n,n,n,n,n,n,n,n,n,n,n
GET /repos/{owner}/{repo}/secret-scanning/alerts,y,~empty list,~empty list,~empty list,~empty list,~empty list,~empty list,~empty list,~empty list,~empty list,y,~empty list,~empty list,~empty list,~empty list,~empty list,~empty list,~empty list,~empty list,~empty list,~empty list,~empty list,~empty list,~empty list
GET /repos/{owner}/{repo}/secret-scanning/alerts/{alert_number},y,n,n,n,n,n,n,n,n,n,y,n,n,n,n,n,n,n,n,n,n,n,n,n
PATCH /repos/{owner}/{repo}/secret-scanning/alerts/{alert_number},y,n,n,n,n,n,n,n,n,n,y,n,n,n,n,n,n,n,n,n,n,n,n,n
GET /repos/{owner}/{repo}/secret-scanning/alerts/{alert_number}/locations,~empty list,~empty list,~empty list,~empty list,~empty list,~empty list,~empty list,~empty list,~empty list,~empty list,~empty list,~empty list,~empty list,~empty list,~empty list,~empty list,~empty list,~empty list,~empty list,~empty list,~empty list,~empty list,~empty list,~empty list
POST /repos/{owner}/{repo}/secret-scanning/push-protection-bypasses,n,n,n,n,n,n,n,n,n,n,n,n,n,n,n,n,n,n,n,n,n,n,n,n
GET /repos/{owner}/{repo}/secret-scanning/scan-history,n,n,n,n,n,n,n,n,n,n,n,n,n,n,n,n,n,n,n,n,n,n,n,n
GitHub Apps,,,,,,,,,,,,,,,,,,,,,,,,
GET /app,n,n,n,n,n,n,n,n,n,n,n,n,n,n,n,n,n,n,n,n,n,n,n,n
GET /app/hook/config,n,n,n,n,n,n,n,n,n,n,n,n,n,n,n,n,n,n,n,n,n,n,n,n
PATCH /app/hook/config,n,n,n,n,n,n,n,n,n,n,n,n,n,n,n,n,n,n,n,n,n,n,n,n
GET /app/hook/deliveries,n,n,n,n,n,n,n,n,n,n,n,n,n,n,n,n,n,n,n,n,n,n,n,n
GET /app/hook/deliveries/{delivery_id},n,n,n,n,n,n,n,n,n,n,n,n,n,n,n,n,n,n,n,n,n,n,n,n
POST /app/hook/deliveries/{delivery_id}/attempts,n,n,n,n,n,n,n,n,n,n,n,n,n,n,n,n,n,n,n,n,n,n,n,n
GET /app/installation-requests,n,n,n,n,n,n,n,n,n,n,n,n,n,n,n,n,n,n,n,n,n,n,n,n
GET /app/installations,n,n,n,n,n,n,n,n,n,n,n,n,n,n,n,n,n,n,n,n,n,n,n,n
GET /app/installations/{installation_id},n,n,n,n,n,n,n,n,n,n,n,n,n,n,n,n,n,n,n,n,n,n,n,n
DELETE /app/installations/{installation_id},n,n,n,n,n,n,n,n,n,n,n,n,n,n,n,n,n,n,n,n,n,n,n,n
POST /app/installations/{installation_id}/access_tokens,n,n,n,n,n,n,n,n,n,n,n,n,n,n,n,n,n,n,n,n,n,n,n,n
PUT /app/installations/{installation_id}/suspended,n,n,n,n,n,n,n,n,n,n,n,n,n,n,n,n,n,n,n,n,n,n,n,n
DELETE /app/installations/{installation_id}/suspended,n,n,n,n,n,n,n,n,n,n,n,n,n,n,n,n,n,n,n,n,n,n,n,n
GET /apps/{app_slug},n,n,n,n,n,n,n,n,n,n,n,n,n,n,n,n,n,n,n,n,n,n,n,n
POST /app-manifests/{code}/conversions,n,n,n,n,n,n,n,n,n,n,n,n,n,n,n,n,n,n,n,n,n,n,n,n
GET /installation/repositories,n,n,n,n,n,n,n,n,n,n,n,n,n,n,n,n,n,n,n,n,n,n,n,n
DELETE /installation/token,n,n,n,n,n,n,n,n,n,n,n,n,n,n,n,n,n,n,n,n,n,n,n,n
POST /applications/{client_id}/token,n,n,n,n,n,n,n,n,n,n,n,n,n,n,n,n,n,n,n,n,n,n,n,n
PATCH /applications/{client_id}/token,n,n,n,n,n,n,n,n,n,n,n,n,n,n,n,n,n,n,n,n,n,n,n,n
DELETE /applications/{client_id}/token,n,n,n,n,n,n,n,n,n,n,n,n,n,n,n,n,n,n,n,n,n,n,n,n
POST /applications/{client_id}/token/scoped,n,n,n,n,n,n,n,n,n,n,n,n,n,n,n,n,n,n,n,n,n,n,n,n
DELETE /applications/{client_id}/grant,n,n,n,n,n,n,n,n,n,n,n,n,n,n,n,n,n,n,n,n,n,n,n,n
GET /orgs/{org}/installation,n,n,n,n,n,n,n,n,n,n,n,n,n,n,n,n,n,n,n,n,n,n,n,n
GET /orgs/{org}/installations,n,n,n,n,n,n,n,n,n,n,n,n,n,n,n,n,n,n,n,n,n,n,n,n
GET /repos/{owner}/{repo}/installation,n,n,n,n,n,n,n,n,n,n,n,n,n,n,n,n,n,n,n,n,n,n,n,n
GET /user/installations,n,n,n,n,n,n,n,n,n,n,n,n,n,n,n,n,n,n,n,n,n,n,n,n
GET /user/installations/{installation_id}/repositories,n,n,n,n,n,n,n,n,n,n,n,n,n,n,n,n,n,n,n,n,n,n,n,n
PUT /user/installations/{installation_id}/repositories/{repository_id},n,n,n,n,n,n,n,n,n,n,n,n,n,n,n,n,n,n,n,n,n,n,n,n
DELETE /user/installations/{installation_id}/repositories/{repository_id},n,n,n,n,n,n,n,n,n,n,n,n,n,n,n,n,n,n,n,n,n,n,n,n
GET /users/{username}/installation,n,n,n,n,n,n,n,n,n,n,n,n,n,n,n,n,n,n,n,n,n,n,n,n
Markdown,,,,,,,,,,,,,,,,,,,,,,,,
POST /markdown,n,n,n,y,n,y,n,n,n,y,y,y,n,n,n,y,n,n,n,n,n,n,n,n
POST /markdown/raw,n,n,n,y,n,y,n,n,n,y,y,y,n,n,n,y,n,n,n,n,n,n,n,n
Actions,,,,,,,,,,,,,,,,,,,,,,,,
Actions — Enterprise cache,,,,,,,,,,,,,,,,,,,,,,,,
GET /enterprises/{enterprise}/actions/cache/retention-limit,n,n,n,n,n,n,n,n,n,n,n,n,n,n,n,n,n,n,n,n,n,n,n,n
PUT /enterprises/{enterprise}/actions/cache/retention-limit,n,n,n,n,n,n,n,n,n,n,n,n,n,n,n,n,n,n,n,n,n,n,n,n
GET /enterprises/{enterprise}/actions/cache/storage-limit,n,n,n,n,n,n,n,n,n,n,n,n,n,n,n,n,n,n,n,n,n,n,n,n
PUT /enterprises/{enterprise}/actions/cache/storage-limit,n,n,n,n,n,n,n,n,n,n,n,n,n,n,n,n,n,n,n,n,n,n,n,n
Actions — Enterprise OIDC,,,,,,,,,,,,,,,,,,,,,,,,
GET /enterprises/{enterprise}/actions/oidc/customization/properties/repo,n,n,n,n,n,n,n,n,n,n,n,n,n,n,n,n,n,n,n,n,n,n,n,n
POST /enterprises/{enterprise}/actions/oidc/customization/properties/repo,n,n,n,n,n,n,n,n,n,n,n,n,n,n,n,n,n,n,n,n,n,n,n,n
DELETE /enterprises/{enterprise}/actions/oidc/customization/properties/repo/{custom_property_name},n,n,n,n,n,n,n,n,n,n,n,n,n,n,n,n,n,n,n,n,n,n,n,n
Actions — Org cache,,,,,,,,,,,,,,,,,,,,,,,,
GET /orgs/{org}/actions/cache/usage,n,n,n,n,n,n,n,n,n,n,n,n,n,n,n,n,n,n,n,n,n,n,n,n
GET /orgs/{org}/actions/cache/usage-by-repository,n,n,n,n,n,n,n,n,n,n,n,n,n,n,n,n,n,n,n,n,n,n,n,n
Actions — Org hosted runners,,,,,,,,,,,,,,,,,,,,,,,,
GET /orgs/{org}/actions/hosted-runners,n,n,n,n,n,n,n,n,n,n,n,n,n,n,n,n,n,n,n,n,n,n,n,n
POST /orgs/{org}/actions/hosted-runners,n,n,n,n,n,n,n,n,n,n,n,n,n,n,n,n,n,n,n,n,n,n,n,n
Actions — Org OIDC,,,,,,,,,,,,,,,,,,,,,,,,
GET /orgs/{org}/actions/oidc/customization/sub,n,n,n,n,n,n,n,n,n,n,n,n,n,n,n,n,n,n,n,n,n,n,n,n
PUT /orgs/{org}/actions/oidc/customization/sub,n,n,n,n,n,n,n,n,n,n,n,n,n,n,n,n,n,n,n,n,n,n,n,n
Actions — Org permissions,,,,,,,,,,,,,,,,,,,,,,,,
GET /orgs/{org}/actions/permissions,n,n,n,n,n,n,n,n,n,n,n,n,n,n,n,n,n,n,n,n,n,n,n,n
PUT /orgs/{org}/actions/permissions,n,n,n,n,n,n,n,n,n,n,n,n,n,n,n,n,n,n,n,n,n,n,n,n
GET /orgs/{org}/actions/permissions/repositories,n,n,n,n,n,n,n,n,n,n,n,n,n,n,n,n,n,n,n,n,n,n,n,n
PUT /orgs/{org}/actions/permissions/repositories,n,n,n,n,n,n,n,n,n,n,n,n,n,n,n,n,n,n,n,n,n,n,n,n
GET /orgs/{org}/actions/permissions/selected-actions,n,n,n,n,n,n,n,n,n,n,n,n,n,n,n,n,n,n,n,n,n,n,n,n
PUT /orgs/{org}/actions/permissions/selected-actions,n,n,n,n,n,n,n,n,n,n,n,n,n,n,n,n,n,n,n,n,n,n,n,n
GET /orgs/{org}/actions/permissions/workflow,n,n,n,n,n,n,n,n,n,n,n,n,n,n,n,n,n,n,n,n,n,n,n,n
PUT /orgs/{org}/actions/permissions/workflow,n,n,n,n,n,n,n,n,n,n,n,n,n,n,n,n,n,n,n,n,n,n,n,n
Actions — Org runner groups,,,,,,,,,,,,,,,,,,,,,,,,
GET /orgs/{org}/actions/runner-groups,n,n,n,n,n,n,n,n,n,n,n,n,n,n,n,n,n,n,n,n,n,n,n,n
POST /orgs/{org}/actions/runner-groups,n,n,n,n,n,n,n,n,n,n,n,n,n,n,n,n,n,n,n,n,n,n,n,n
GET /orgs/{org}/actions/runner-groups/{runner_group_id},n,n,n,n,n,n,n,n,n,n,n,n,n,n,n,n,n,n,n,n,n,n,n,n
PATCH /orgs/{org}/actions/runner-groups/{runner_group_id},n,n,n,n,n,n,n,n,n,n,n,n,n,n,n,n,n,n,n,n,n,n,n,n
DELETE /orgs/{org}/actions/runner-groups/{runner_group_id},n,n,n,n,n,n,n,n,n,n,n,n,n,n,n,n,n,n,n,n,n,n,n,n
Actions — Org runners,,,,,,,,,,,,,,,,,,,,,,,,
GET /orgs/{org}/actions/runners,n,n,n,y,n,y,n,n,n,y,n,n,n,n,n,n,n,n,n,n,n,n,n,n
GET /orgs/{org}/actions/runners/downloads,n,n,n,n,n,n,n,n,n,n,n,n,n,n,n,n,n,n,n,n,n,n,n,n
POST /orgs/{org}/actions/runners/registration-token,n,n,n,n,n,n,n,n,n,n,n,n,n,n,n,n,n,n,n,n,n,n,n,n
POST /orgs/{org}/actions/runners/remove-token,n,n,n,n,n,n,n,n,n,n,n,n,n,n,n,n,n,n,n,n,n,n,n,n
GET /orgs/{org}/actions/runners/{runner_id},n,n,n,n,n,n,n,n,n,n,n,n,n,n,n,n,n,n,n,n,n,n,n,n
DELETE /orgs/{org}/actions/runners/{runner_id},n,n,n,n,n,n,n,n,n,n,n,n,n,n,n,n,n,n,n,n,n,n,n,n
GET /orgs/{org}/actions/runners/{runner_id}/labels,n,n,n,n,n,n,n,n,n,n,n,n,n,n,n,n,n,n,n,n,n,n,n,n
Actions — Org secrets,,,,,,,,,,,,,,,,,,,,,,,,
GET /orgs/{org}/actions/secrets,n,n,n,~list and delete only,n,~list and delete only,n,n,n,~list and delete only,n,n,n,n,n,n,n,n,n,n,n,n,n,n
GET /orgs/{org}/actions/secrets/public-key,n,n,n,n,n,n,n,n,n,n,n,n,n,n,n,n,n,n,n,n,n,n,n,n
GET /orgs/{org}/actions/secrets/{secret_name},n,n,n,~list and delete only,n,~list and delete only,n,n,n,~list and delete only,n,n,n,n,n,n,n,n,n,n,n,n,n,n
PUT /orgs/{org}/actions/secrets/{secret_name},n,n,n,n,n,n,n,n,n,n,n,n,n,n,n,n,n,n,n,n,n,n,n,n
DELETE /orgs/{org}/actions/secrets/{secret_name},n,n,n,~list and delete only,n,~list and delete only,n,n,n,~list and delete only,n,n,n,n,n,n,n,n,n,n,n,n,n,n
GET /orgs/{org}/actions/secrets/{secret_name}/repositories,n,n,n,n,n,n,n,n,n,n,n,n,n,n,n,n,n,n,n,n,n,n,n,n
Actions — Org variables,,,,,,,,,,,,,,,,,,,,,,,,
GET /orgs/{org}/actions/variables,n,n,n,y,n,y,n,n,n,y,n,n,n,n,n,n,n,n,n,n,n,n,n,n
POST /orgs/{org}/actions/variables,n,n,n,y,n,y,n,n,n,y,n,n,n,n,n,n,n,n,n,n,n,n,n,n
GET /orgs/{org}/actions/variables/{name},n,n,n,y,n,y,n,n,n,y,n,n,n,n,n,n,n,n,n,n,n,n,n,n
PATCH /orgs/{org}/actions/variables/{name},n,n,n,y,n,y,n,n,n,y,n,n,n,n,n,n,n,n,n,n,n,n,n,n
DELETE /orgs/{org}/actions/variables/{name},n,n,n,y,n,y,n,n,n,y,n,n,n,n,n,n,n,n,n,n,n,n,n,n
GET /orgs/{org}/actions/variables/{name}/repositories,n,n,n,n,n,n,n,n,n,n,n,n,n,n,n,n,n,n,n,n,n,n,n,n
Actions — Repo artifacts,,,,,,,,,,,,,,,,,,,,,,,,
GET /repos/{owner}/{repo}/actions/artifacts,n,n,n,n,n,n,n,n,n,n,n,n,n,n,n,n,n,n,n,n,n,n,n,n
GET /repos/{owner}/{repo}/actions/artifacts/{artifact_id},n,n,n,n,n,n,n,n,n,n,n,n,n,n,n,n,n,n,n,n,n,n,n,n
DELETE /repos/{owner}/{repo}/actions/artifacts/{artifact_id},n,n,n,n,n,n,n,n,n,n,n,n,n,n,n,n,n,n,n,n,n,n,n,n
Actions — Repo cache,,,,,,,,,,,,,,,,,,,,,,,,
GET /repos/{owner}/{repo}/actions/cache/usage,n,n,n,n,n,n,n,n,n,n,n,n,n,n,n,n,n,n,n,n,n,n,n,n
GET /repos/{owner}/{repo}/actions/caches,n,n,n,n,n,n,n,n,n,n,n,n,n,n,n,n,n,n,n,n,n,n,n,n
DELETE /repos/{owner}/{repo}/actions/caches,n,n,n,n,n,n,n,n,n,n,n,n,n,n,n,n,n,n,n,n,n,n,n,n
Actions — Repo jobs,,,,,,,,,,,,,,,,,,,,,,,,
GET /repos/{owner}/{repo}/actions/jobs/{job_id},n,n,n,n,n,n,n,n,n,n,n,n,n,n,n,n,n,n,n,n,n,n,n,n
GET /repos/{owner}/{repo}/actions/jobs/{job_id}/logs,n,n,n,n,n,n,n,n,n,n,n,n,n,n,n,n,n,n,n,n,n,n,n,n
POST /repos/{owner}/{repo}/actions/jobs/{job_id}/rerun,n,n,n,n,n,n,n,n,n,n,n,n,n,n,n,n,n,n,n,n,n,n,n,n
Actions — Repo OIDC,,,,,,,,,,,,,,,,,,,,,,,,
GET /repos/{owner}/{repo}/actions/oidc/customization/sub,n,n,n,n,n,n,n,n,n,n,n,n,n,n,n,n,n,n,n,n,n,n,n,n
PUT /repos/{owner}/{repo}/actions/oidc/customization/sub,n,n,n,n,n,n,n,n,n,n,n,n,n,n,n,n,n,n,n,n,n,n,n,n
Actions — Repo permissions,,,,,,,,,,,,,,,,,,,,,,,,
GET /repos/{owner}/{repo}/actions/permissions,n,n,n,n,n,n,n,n,n,n,n,n,n,n,n,n,n,n,n,n,n,n,n,n
PUT /repos/{owner}/{repo}/actions/permissions,n,n,n,n,n,n,n,n,n,n,n,n,n,n,n,n,n,n,n,n,n,n,n,n
GET /repos/{owner}/{repo}/actions/permissions/selected-actions,n,n,n,n,n,n,n,n,n,n,n,n,n,n,n,n,n,n,n,n,n,n,n,n
GET /repos/{owner}/{repo}/actions/permissions/workflow,n,n,n,n,n,n,n,n,n,n,n,n,n,n,n,n,n,n,n,n,n,n,n,n
Actions — Repo runners,,,,,,,,,,,,,,,,,,,,,,,,
GET /repos/{owner}/{repo}/actions/runners,n,n,n,y,n,y,n,n,n,y,n,n,n,n,n,n,n,n,n,n,n,n,n,n
GET /repos/{owner}/{repo}/actions/runners/downloads,n,n,n,n,n,n,n,n,n,n,n,n,n,n,n,n,n,n,n,n,n,n,n,n
POST /repos/{owner}/{repo}/actions/runners/registration-token,n,n,n,n,n,n,n,n,n,n,n,n,n,n,n,n,n,n,n,n,n,n,n,n
POST /repos/{owner}/{repo}/actions/runners/remove-token,n,n,n,n,n,n,n,n,n,n,n,n,n,n,n,n,n,n,n,n,n,n,n,n
GET /repos/{owner}/{repo}/actions/runners/{runner_id},n,n,n,n,n,n,n,n,n,n,n,n,n,n,n,n,n,n,n,n,n,n,n,n
DELETE /repos/{owner}/{repo}/actions/runners/{runner_id},n,n,n,n,n,n,n,n,n,n,n,n,n,n,n,n,n,n,n,n,n,n,n,n
Actions — Repo runs,,,,,,,,,,,,,,,,,,,,,,,,
GET /repos/{owner}/{repo}/actions/runs,n,n,n,n,n,n,n,n,n,n,n,n,n,n,n,n,n,n,n,n,n,n,n,n
GET /repos/{owner}/{repo}/actions/runs/{run_id},n,n,n,n,n,n,n,n,n,n,n,n,n,n,n,n,n,n,n,n,n,n,n,n
DELETE /repos/{owner}/{repo}/actions/runs/{run_id},n,n,n,n,n,n,n,n,n,n,n,n,n,n,n,n,n,n,n,n,n,n,n,n
GET /repos/{owner}/{repo}/actions/runs/{run_id}/artifacts,n,n,n,n,n,n,n,n,n,n,n,n,n,n,n,n,n,n,n,n,n,n,n,n
GET /repos/{owner}/{repo}/actions/runs/{run_id}/jobs,n,n,n,n,n,n,n,n,n,n,n,n,n,n,n,n,n,n,n,n,n,n,n,n
POST /repos/{owner}/{repo}/actions/runs/{run_id}/cancel,n,n,n,n,n,n,n,n,n,n,n,n,n,n,n,n,n,n,n,n,n,n,n,n
POST /repos/{owner}/{repo}/actions/runs/{run_id}/rerun,n,n,n,n,n,n,n,n,n,n,n,n,n,n,n,n,n,n,n,n,n,n,n,n
Actions — Repo secrets,,,,,,,,,,,,,,,,,,,,,,,,
GET /repos/{owner}/{repo}/actions/secrets,n,n,n,~list and delete only,n,~list and delete only,n,n,n,~list and delete only,n,n,n,n,n,n,n,n,n,n,n,n,n,n
GET /repos/{owner}/{repo}/actions/secrets/public-key,n,n,n,n,n,n,n,n,n,n,n,n,n,n,n,n,n,n,n,n,n,n,n,n
GET /repos/{owner}/{repo}/actions/secrets/{secret_name},n,n,n,~list and delete only,n,~list and delete only,n,n,n,~list and delete only,n,n,n,n,n,n,n,n,n,n,n,n,n,n
PUT /repos/{owner}/{repo}/actions/secrets/{secret_name},n,n,n,n,n,n,n,n,n,n,n,n,n,n,n,n,n,n,n,n,n,n,n,n
DELETE /repos/{owner}/{repo}/actions/secrets/{secret_name},n,n,n,~list and delete only,n,~list and delete only,n,n,n,~list and delete only,n,n,n,n,n,n,n,n,n,n,n,n,n,n
Actions — Repo variables,,,,,,,,,,,,,,,,,,,,,,,,
GET /repos/{owner}/{repo}/actions/variables,n,n,n,y,n,y,n,n,n,y,n,n,n,n,n,n,n,n,n,n,n,n,n,n
POST /repos/{owner}/{repo}/actions/variables,n,n,n,y,n,y,n,n,n,y,n,n,n,n,n,n,n,n,n,n,n,n,n,n
GET /repos/{owner}/{repo}/actions/variables/{name},n,n,n,y,n,y,n,n,n,y,n,n,n,n,n,n,n,n,n,n,n,n,n,n
PATCH /repos/{owner}/{repo}/actions/variables/{name},n,n,n,y,n,y,n,n,n,y,n,n,n,n,n,n,n,n,n,n,n,n,n,n
DELETE /repos/{owner}/{repo}/actions/variables/{name},n,n,n,y,n,y,n,n,n,y,n,n,n,n,n,n,n,n,n,n,n,n,n,n
Actions — Repo workflows,,,,,,,,,,,,,,,,,,,,,,,,
GET /repos/{owner}/{repo}/actions/workflows,n,n,n,n,n,n,n,n,n,n,n,n,n,n,n,n,n,n,n,n,n,n,n,n
GET /repos/{owner}/{repo}/actions/workflows/{workflow_id},n,n,n,n,n,n,n,n,n,n,n,n,n,n,n,n,n,n,n,n,n,n,n,n
PUT /repos/{owner}/{repo}/actions/workflows/{workflow_id}/disable,n,n,n,n,n,n,n,n,n,n,n,n,n,n,n,n,n,n,n,n,n,n,n,n
POST /repos/{owner}/{repo}/actions/workflows/{workflow_id}/dispatches,n,n,n,n,n,n,n,n,n,n,n,n,n,n,n,n,n,n,n,n,n,n,n,n
PUT /repos/{owner}/{repo}/actions/workflows/{workflow_id}/enable,n,n,n,n,n,n,n,n,n,n,n,n,n,n,n,n,n,n,n,n,n,n,n,n
GET /repos/{owner}/{repo}/actions/workflows/{workflow_id}/runs,n,n,n,n,n,n,n,n,n,n,n,n,n,n,n,n,n,n,n,n,n,n,n,n
Git Database,,,,,,,,,,,,,,,,,,,,,,,,
GET /repos/{owner}/{repo}/git/blobs/{file_sha},n,n,n,y,n,y,n,n,y,y,y,y,n,n,n,y,n,n,n,n,n,n,n,n
POST /repos/{owner}/{repo}/git/blobs,n,n,n,n,n,n,n,n,n,n,n,n,n,n,n,n,n,n,n,n,n,n,n,n
GET /repos/{owner}/{repo}/git/commits/{commit_sha},n,n,n,y,n,y,n,n,y,y,n,y,n,n,n,y,n,n,n,n,n,n,n,n
POST /repos/{owner}/{repo}/git/commits,n,n,n,n,n,n,n,n,n,n,n,n,n,n,n,n,n,n,n,n,n,n,n,n
GET /repos/{owner}/{repo}/git/matching-refs/{ref},y,y,y,y,n,y,n,n,y,y,n,y,n,n,n,y,n,n,n,n,n,n,n,n
GET /repos/{owner}/{repo}/git/ref/{ref},y,y,y,y,n,y,n,n,y,y,n,y,n,n,n,y,n,n,n,n,n,n,n,n
POST /repos/{owner}/{repo}/git/refs,y,y,y,y,n,y,n,n,y,y,n,y,n,n,n,y,n,n,n,n,n,n,n,n
PATCH /repos/{owner}/{repo}/git/refs/{ref},n,n,n,n,n,n,n,n,n,n,n,n,n,n,n,n,n,n,n,n,n,n,n,n
DELETE /repos/{owner}/{repo}/git/refs/{ref},y,y,y,y,n,y,n,n,y,y,n,y,n,n,n,y,n,n,n,n,n,n,n,n
GET /repos/{owner}/{repo}/git/tags/{tag_sha},n,n,n,y,n,y,n,n,y,y,n,y,n,n,n,y,n,n,n,n,n,n,n,n
POST /repos/{owner}/{repo}/git/tags,n,n,n,y,n,y,n,n,y,y,n,y,n,n,n,y,n,n,n,n,n,n,n,n
GET /repos/{owner}/{repo}/git/trees/{tree_sha},n,n,n,y,n,y,n,n,y,y,n,y,n,n,n,y,n,n,n,n,n,n,n,n
POST /repos/{owner}/{repo}/git/trees,n,n,n,n,n,n,n,n,n,n,n,n,n,n,n,n,n,n,n,n,n,n,n,n
Dependency Graph,,,,,,,,,,,,,,,,,,,,,,,,
GET /repos/{owner}/{repo}/dependency-graph/compare/{basehead},n,n,n,n,n,n,n,n,n,n,n,n,n,n,n,n,n,n,n,n,n,n,n,n
GET /repos/{owner}/{repo}/dependency-graph/sbom,n,n,n,n,n,n,n,n,n,n,n,n,n,n,n,n,n,n,n,n,n,n,n,n
POST /repos/{owner}/{repo}/dependency-graph/snapshots,n,n,n,n,n,n,n,n,n,n,n,n,n,n,n,n,n,n,n,n,n,n,n,n
Dependabot,,,,,,,,,,,,,,,,,,,,,,,,
GET /enterprises/{enterprise}/dependabot/alerts,~empty list,~empty list,~empty list,~empty list,~empty list,~empty list,~empty list,~empty list,~empty list,~empty list,~empty list,~empty list,~empty list,~empty list,~empty list,~empty list,~empty list,~empty list,~empty list,~empty list,~empty list,~empty list,~empty list,~empty list
GET /orgs/{org}/dependabot/alerts,~empty list,~empty list,~empty list,~empty list,~empty list,~empty list,~empty list,~empty list,~empty list,~empty list,y,~empty list,~empty list,~empty list,~empty list,~empty list,~empty list,~empty list,~empty list,~empty list,~empty list,~empty list,~empty list,~empty list
GET /orgs/{org}/dependabot/secrets,~empty list,~empty list,~empty list,~empty list,~empty list,~empty list,~empty list,~empty list,~empty list,~empty list,~empty list,~empty list,~empty list,~empty list,~empty list,~empty list,~empty list,~empty list,~empty list,~empty list,~empty list,~empty list,~empty list,~empty list
GET /orgs/{org}/dependabot/secrets/public-key,n,n,n,n,n,n,n,n,n,n,n,n,n,n,n,n,n,n,n,n,n,n,n,n
GET /orgs/{org}/dependabot/secrets/{secret_name},n,n,n,n,n,n,n,n,n,n,n,n,n,n,n,n,n,n,n,n,n,n,n,n
PUT /orgs/{org}/dependabot/secrets/{secret_name},n,n,n,n,n,n,n,n,n,n,n,n,n,n,n,n,n,n,n,n,n,n,n,n
DELETE /orgs/{org}/dependabot/secrets/{secret_name},n,n,n,n,n,n,n,n,n,n,n,n,n,n,n,n,n,n,n,n,n,n,n,n
GET /orgs/{org}/dependabot/secrets/{secret_name}/repositories,~empty list,~empty list,~empty list,~empty list,~empty list,~empty list,~empty list,~empty list,~empty list,~empty list,~empty list,~empty list,~empty list,~empty list,~empty list,~empty list,~empty list,~empty list,~empty list,~empty list,~empty list,~empty list,~empty list,~empty list
PUT /orgs/{org}/dependabot/secrets/{secret_name}/repositories,n,n,n,n,n,n,n,n,n,n,n,n,n,n,n,n,n,n,n,n,n,n,n,n
PUT /orgs/{org}/dependabot/secrets/{secret_name}/repositories/{repository_id},n,n,n,n,n,n,n,n,n,n,n,n,n,n,n,n,n,n,n,n,n,n,n,n
DELETE /orgs/{org}/dependabot/secrets/{secret_name}/repositories/{repository_id},n,n,n,n,n,n,n,n,n,n,n,n,n,n,n,n,n,n,n,n,n,n,n,n
GET /organizations/{org}/dependabot/repository-access,n,n,n,n,n,n,n,n,n,n,n,n,n,n,n,n,n,n,n,n,n,n,n,n
PATCH /organizations/{org}/dependabot/repository-access,n,n,n,n,n,n,n,n,n,n,n,n,n,n,n,n,n,n,n,n,n,n,n,n
PUT /organizations/{org}/dependabot/repository-access/default-level,n,n,n,n,n,n,n,n,n,n,n,n,n,n,n,n,n,n,n,n,n,n,n,n
GET /repos/{owner}/{repo}/dependabot/alerts,y,~empty list,~empty list,~empty list,~empty list,~empty list,~empty list,~empty list,~empty list,~empty list,y,~empty list,~empty list,~empty list,~empty list,~empty list,~empty list,~empty list,~empty list,~empty list,~empty list,~empty list,~empty list,~empty list
GET /repos/{owner}/{repo}/dependabot/alerts/{alert_number},y,n,n,n,n,n,n,n,n,n,y,n,n,n,n,n,n,n,n,n,n,n,n,n
PATCH /repos/{owner}/{repo}/dependabot/alerts/{alert_number},y,n,n,n,n,n,n,n,n,n,y,n,n,n,n,n,n,n,n,n,n,n,n,n
GET /repos/{owner}/{repo}/dependabot/secrets,~empty list,~empty list,~empty list,~empty list,~empty list,~empty list,~empty list,~empty list,~empty list,~empty list,~empty list,~empty list,~empty list,~empty list,~empty list,~empty list,~empty list,~empty list,~empty list,~empty list,~empty list,~empty list,~empty list,~empty list
GET /repos/{owner}/{repo}/dependabot/secrets/public-key,n,n,n,n,n,n,n,n,n,n,n,n,n,n,n,n,n,n,n,n,n,n,n,n
GET /repos/{owner}/{repo}/dependabot/secrets/{secret_name},n,n,n,n,n,n,n,n,n,n,n,n,n,n,n,n,n,n,n,n,n,n,n,n
PUT /repos/{owner}/{repo}/dependabot/secrets/{secret_name},n,n,n,n,n,n,n,n,n,n,n,n,n,n,n,n,n,n,n,n,n,n,n,n
DELETE /repos/{owner}/{repo}/dependabot/secrets/{secret_name},n,n,n,n,n,n,n,n,n,n,n,n,n,n,n,n,n,n,n,n,n,n,n,n
Projects,,,,,,,,,,,,,,,,,,,,,,,,
GET /orgs/{org}/projectsV2,~empty list,~empty list,~empty list,~empty list,~empty list,~empty list,~empty list,~empty list,~empty list,~empty list,~empty list,~empty list,~empty list,~empty list,~empty list,~empty list,~empty list,~empty list,~empty list,~empty list,~empty list,~empty list,~empty list,~empty list
GET /orgs/{org}/projectsV2/{project_number},n,n,n,n,n,n,n,n,n,n,n,n,n,n,n,n,n,n,n,n,n,n,n,n
POST /orgs/{org}/projectsV2/{project_number}/drafts,n,n,n,n,n,n,n,n,n,n,n,n,n,n,n,n,n,n,n,n,n,n,n,n
GET /orgs/{org}/projectsV2/{project_number}/fields,~empty list,~empty list,~empty list,~empty list,~empty list,~empty list,~empty list,~empty list,~empty list,~empty list,~empty list,~empty list,~empty list,~empty list,~empty list,~empty list,~empty list,~empty list,~empty list,~empty list,~empty list,~empty list,~empty list,~empty list
POST /orgs/{org}/projectsV2/{project_number}/fields,n,n,n,n,n,n,n,n,n,n,n,n,n,n,n,n,n,n,n,n,n,n,n,n
GET /orgs/{org}/projectsV2/{project_number}/fields/{field_id},n,n,n,n,n,n,n,n,n,n,n,n,n,n,n,n,n,n,n,n,n,n,n,n
GET /orgs/{org}/projectsV2/{project_number}/items,~empty list,~empty list,~empty list,~empty list,~empty list,~empty list,~empty list,~empty list,~empty list,~empty list,~empty list,~empty list,~empty list,~empty list,~empty list,~empty list,~empty list,~empty list,~empty list,~empty list,~empty list,~empty list,~empty list,~empty list
POST /orgs/{org}/projectsV2/{project_number}/items,n,n,n,n,n,n,n,n,n,n,n,n,n,n,n,n,n,n,n,n,n,n,n,n
GET /orgs/{org}/projectsV2/{project_number}/items/{item_id},n,n,n,n,n,n,n,n,n,n,n,n,n,n,n,n,n,n,n,n,n,n,n,n
PATCH /orgs/{org}/projectsV2/{project_number}/items/{item_id},n,n,n,n,n,n,n,n,n,n,n,n,n,n,n,n,n,n,n,n,n,n,n,n
DELETE /orgs/{org}/projectsV2/{project_number}/items/{item_id},n,n,n,n,n,n,n,n,n,n,n,n,n,n,n,n,n,n,n,n,n,n,n,n
POST /orgs/{org}/projectsV2/{project_number}/views,n,n,n,n,n,n,n,n,n,n,n,n,n,n,n,n,n,n,n,n,n,n,n,n
GET /orgs/{org}/projectsV2/{project_number}/views/{view_number}/items,~empty list,~empty list,~empty list,~empty list,~empty list,~empty list,~empty list,~empty list,~empty list,~empty list,~empty list,~empty list,~empty list,~empty list,~empty list,~empty list,~empty list,~empty list,~empty list,~empty list,~empty list,~empty list,~empty list,~empty list
POST /user/{user_id}/projectsV2/{project_number}/drafts,n,n,n,n,n,n,n,n,n,n,n,n,n,n,n,n,n,n,n,n,n,n,n,n
POST /users/{user_id}/projectsV2/{project_number}/views,n,n,n,n,n,n,n,n,n,n,n,n,n,n,n,n,n,n,n,n,n,n,n,n
GET /users/{username}/projectsV2,~empty list,~empty list,~empty list,~empty list,~empty list,~empty list,~empty list,~empty list,~empty list,~empty list,~empty list,~empty list,~empty list,~empty list,~empty list,~empty list,~empty list,~empty list,~empty list,~empty list,~empty list,~empty list,~empty list,~empty list
GET /users/{username}/projectsV2/{project_number},n,n,n,n,n,n,n,n,n,n,n,n,n,n,n,n,n,n,n,n,n,n,n,n
GET /users/{username}/projectsV2/{project_number}/fields,~empty list,~empty list,~empty list,~empty list,~empty list,~empty list,~empty list,~empty list,~empty list,~empty list,~empty list,~empty list,~empty list,~empty list,~empty list,~empty list,~empty list,~empty list,~empty list,~empty list,~empty list,~empty list,~empty list,~empty list
POST /users/{username}/projectsV2/{project_number}/fields,n,n,n,n,n,n,n,n,n,n,n,n,n,n,n,n,n,n,n,n,n,n,n,n
GET /users/{username}/projectsV2/{project_number}/fields/{field_id},n,n,n,n,n,n,n,n,n,n,n,n,n,n,n,n,n,n,n,n,n,n,n,n
GET /users/{username}/projectsV2/{project_number}/items,~empty list,~empty list,~empty list,~empty list,~empty list,~empty list,~empty list,~empty list,~empty list,~empty list,~empty list,~empty list,~empty list,~empty list,~empty list,~empty list,~empty list,~empty list,~empty list,~empty list,~empty list,~empty list,~empty list,~empty list
POST /users/{username}/projectsV2/{project_number}/items,n,n,n,n,n,n,n,n,n,n,n,n,n,n,n,n,n,n,n,n,n,n,n,n
GET /users/{username}/projectsV2/{project_number}/items/{item_id},n,n,n,n,n,n,n,n,n,n,n,n,n,n,n,n,n,n,n,n,n,n,n,n
PATCH /users/{username}/projectsV2/{project_number}/items/{item_id},n,n,n,n,n,n,n,n,n,n,n,n,n,n,n,n,n,n,n,n,n,n,n,n
DELETE /users/{username}/projectsV2/{project_number}/items/{item_id},n,n,n,n,n,n,n,n,n,n,n,n,n,n,n,n,n,n,n,n,n,n,n,n
GET /users/{username}/projectsV2/{project_number}/views/{view_number}/items,~empty list,~empty list,~empty list,~empty list,~empty list,~empty list,~empty list,~empty list,~empty list,~empty list,~empty list,~empty list,~empty list,~empty list,~empty list,~empty list,~empty list,~empty list,~empty list,~empty list,~empty list,~empty list,~empty list,~empty list
